<?xml version="1.0" encoding="utf-8"?>
<odoo noupdate="1">

    <record id="delete_search_report_cron" model="ir.cron">
        <field name="name">Auto Delete Search Report</field>
        <field name="model_id" ref="model_dr_search_report"/>
        <field name="state">code</field>
        <field name="code">model._cron_auto_delete_search_report()</field>
        <field name="interval_number">1</field>
        <field name="interval_type">days</field>
        <field name="active" eval="True"/>
    </record>

</odoo>
